{
  "id": "3632589",
  "name": "黑马头条",
  "font_family": "toutiao",
  "css_prefix_text": "toutiao-",
  "description": "",
  "glyphs": [
    {
      "icon_id": "31677635",
      "name": "验证码",
      "font_class": "yanzhengma",
      "unicode": "e623",
      "unicode_decimal": 58915
    },
    {
      "icon_id": "31677637",
      "name": "左箭头",
      "font_class": "zuojiantou",
      "unicode": "e625",
      "unicode_decimal": 58917
    },
    {
      "icon_id": "31677638",
      "name": "阅读",
      "font_class": "yuedu",
      "unicode": "e626",
      "unicode_decimal": 58918
    },
    {
      "icon_id": "31677184",
      "name": "作品",
      "font_class": "zuopin",
      "unicode": "e601",
      "unicode_decimal": 58881
    },
    {
      "icon_id": "31677185",
      "name": "点赞2",
      "font_class": "dianzan2",
      "unicode": "e602",
      "unicode_decimal": 58882
    },
    {
      "icon_id": "31677186",
      "name": "右箭头",
      "font_class": "youjiantou",
      "unicode": "e603",
      "unicode_decimal": 58883
    },
    {
      "icon_id": "31677187",
      "name": "点赞",
      "font_class": "dianzan",
      "unicode": "e604",
      "unicode_decimal": 58884
    },
    {
      "icon_id": "31677188",
      "name": "更多",
      "font_class": "gengduo",
      "unicode": "e605",
      "unicode_decimal": 58885
    },
    {
      "icon_id": "31677189",
      "name": "关闭",
      "font_class": "guanbi",
      "unicode": "e606",
      "unicode_decimal": 58886
    },
    {
      "icon_id": "31677190",
      "name": "删除",
      "font_class": "shanchu",
      "unicode": "e607",
      "unicode_decimal": 58887
    },
    {
      "icon_id": "31677191",
      "name": "历史",
      "font_class": "lishi",
      "unicode": "e608",
      "unicode_decimal": 58888
    },
    {
      "icon_id": "31677192",
      "name": "收藏",
      "font_class": "shoucang",
      "unicode": "e609",
      "unicode_decimal": 58889
    },
    {
      "icon_id": "31677193",
      "name": "评论",
      "font_class": "pinglun",
      "unicode": "e60a",
      "unicode_decimal": 58890
    },
    {
      "icon_id": "31677194",
      "name": "搜索",
      "font_class": "sousuo",
      "unicode": "e60b",
      "unicode_decimal": 58891
    },
    {
      "icon_id": "31677195",
      "name": "首页",
      "font_class": "shouye",
      "unicode": "e60c",
      "unicode_decimal": 58892
    },
    {
      "icon_id": "31677196",
      "name": "问答",
      "font_class": "wenda",
      "unicode": "e60d",
      "unicode_decimal": 58893
    },
    {
      "icon_id": "31677197",
      "name": "视频",
      "font_class": "shipin",
      "unicode": "e60e",
      "unicode_decimal": 58894
    },
    {
      "icon_id": "31677198",
      "name": "无网络",
      "font_class": "wuwangluo",
      "unicode": "e60f",
      "unicode_decimal": 58895
    },
    {
      "icon_id": "31677199",
      "name": "我的",
      "font_class": "wode",
      "unicode": "e610",
      "unicode_decimal": 58896
    },
    {
      "icon_id": "31677200",
      "name": "分享",
      "font_class": "fenxiang",
      "unicode": "e611",
      "unicode_decimal": 58897
    },
    {
      "icon_id": "31677201",
      "name": "手机",
      "font_class": "shouji",
      "unicode": "e612",
      "unicode_decimal": 58898
    }
  ]
}
